{
  "kids": {
    "stories": {
      "1": {
        "title": "The Little Engine That Could",
        "content": "Once upon a time, there was a little train engine who was asked to pull a long train over a steep mountain. While bigger engines refused saying 'I cannot do it', the little engine said 'I think I can, I think I can.' Even though it was difficult, the little engine kept trying and saying 'I think I can' until it reached the top of the mountain. When it was going down the other side, it happily said 'I thought I could, I thought I could!' This story shows that being proactive and believing in yourself can help you overcome big challenges."
      },
      "2": {
        "title": "The Three Little Pigs",
        "content": "Once upon a time, there were three little pigs who needed to build houses to protect themselves from the big bad wolf. The first pig quickly built a house of straw without planning ahead. The second pig built a house of sticks, which was a little better. But the third pig took time to plan and built a strong house of bricks. When the wolf came, he blew down the straw house and the stick house, but couldn't blow down the brick house. The third pig had begun with the end in mind - a safe, strong house - and his planning paid off!"
      },
      "3": {
        "title": "The Ant and the Grasshopper",
        "content": "During the warm summer days, a grasshopper spent his time playing music and dancing while an ant worked hard gathering food for winter. 'Why work so hard?' asked the grasshopper. 'Come play with me!' The ant replied, 'I'm preparing for winter when there will be no food.' The grasshopper just laughed. When winter came, the grasshopper was cold and hungry while the ant was warm and well-fed. The ant had put first things first - doing important work before playing - and was prepared when winter came."
      },
      "4": {
        "title": "The Lion and the Mouse",
        "content": "A mighty lion once caught a tiny mouse. As the lion was about to eat him, the mouse begged, 'Please let me go! Someday I might help you.' The lion laughed but let the mouse go. Later, the lion was caught in a hunter's net. The mouse heard the lion's roar and came running. He gnawed through the ropes and set the lion free. 'You were right,' said the lion. This story shows that thinking win-win helps everyone - the mouse won by being set free, and later the lion won by being rescued."
      },
      "5": {
        "title": "The Blind Men and the Elephant",
        "content": "Six blind men wanted to learn what an elephant was like. Each touched a different part of the elephant. One touched the side and said, 'An elephant is like a wall.' Another touched the tusk and said, 'An elephant is like a spear.' The third touched the trunk and said, 'An elephant is like a snake.' The fourth touched the leg and said, 'An elephant is like a tree.' The fifth touched the ear and said, 'An elephant is like a fan.' The sixth touched the tail and said, 'An elephant is like a rope.' They argued until a wise man explained that they were all right, but each only understood part of the elephant. This story teaches us to seek first to understand others' perspectives."
      },
      "6": {
        "title": "Stone Soup",
        "content": "A hungry traveler came to a village during hard times when people kept their food to themselves. He began making 'stone soup' by putting a stone in a pot of water. Curious villagers asked what he was doing. 'Making stone soup, but it would taste better with a carrot,' he said. One villager brought a carrot. Another brought potatoes, another brought beans, and so on. Soon, they had a delicious soup to share. By working together, they created something none could have made alone. This shows the power of synergy - creating something better together than anyone could alone."
      },
      "7": {
        "title": "The Golden Goose",
        "content": "A farmer had a goose that laid one golden egg every day. The farmer became rich selling these eggs. But he grew impatient and greedy, thinking the goose must have many golden eggs inside her. He decided to cut open the goose to get all the eggs at once. But when he did, he found no eggs inside and his special goose was gone forever. The farmer didn't understand the importance of balance and patience. This story teaches us about sharpening the saw - taking care of our resources and ourselves for long-term success rather than looking for quick results."
      }
    }
  },
  "teens": {
    "caseStudies": {
      "1": {
        "title": "Alex Takes Charge",
        "content": "Alex was struggling in math class. Instead of complaining or blaming the teacher, Alex decided to be proactive. First, Alex identified exactly which concepts were difficult. Then, Alex found YouTube tutorials, asked to join a study group, and scheduled time with the teacher after school. Within a month, Alex's grades improved significantly. By taking responsibility and focusing on what could be controlled (study habits, asking for help), rather than what couldn't (teaching style, difficulty of the subject), Alex turned the situation around. This demonstrates how being proactive leads to positive outcomes."
      },
      "2": {
        "title": "Jamie's College Plan",
        "content": "Jamie, a high school sophomore, wanted to attend a competitive university but wasn't sure how to make it happen. Instead of just hoping for the best, Jamie began with the end in mind. First, Jamie researched what the target universities required - specific courses, GPA, extracurricular activities, and test scores. Then, Jamie created a four-year plan working backward from these requirements. This included which classes to take each year, when to prepare for standardized tests, which activities would demonstrate leadership, and how to save for application fees. By junior year, Jamie was on track with good grades, meaningful extracurriculars, and strong test scores. Starting with a clear vision of the goal made each decision along the way much easier."
      },
      "3": {
        "title": "Taylor's Time Management",
        "content": "Taylor was overwhelmed with schoolwork, sports practice, family responsibilities, and social life. Everything seemed urgent, and Taylor was constantly stressed and missing deadlines. After learning about putting first things first, Taylor decided to try a new approach. First, Taylor identified what was truly important versus just urgent. Then, Taylor created a weekly schedule, blocking time for important activities first - study time for difficult subjects, practice for an upcoming tournament, and family dinner. Taylor also scheduled downtime to prevent burnout. When friends invited Taylor to hang out during scheduled study time, Taylor learned to say, 'I can't today, but how about Saturday instead?' Within weeks, Taylor's stress decreased, grades improved, and there was actually more time for fun because the important things were handled efficiently."
      },
      "4": {
        "title": "The Group Project Solution",
        "content": "Four students were assigned to work together on a history project. Jordan wanted to create a video, Casey preferred a written report, Riley wanted to build a model, and Morgan just wanted whatever would get the highest grade. They started arguing, each trying to convince the others that their idea was best. The group was stuck until Riley suggested they think win-win. Instead of competing, they looked for a solution that would use everyone's strengths. They created a multi-part project: a short written report (Casey), accompanied by a model (Riley) that included QR codes linking to short video explanations (Jordan). Morgan focused on ensuring everything met the grading criteria. Their teacher was impressed by how they combined different formats, and each student got to contribute in their preferred way. By seeking mutual benefit rather than competition, they created a better project than any could have done alone."
      },
      "5": {
        "title": "The Misunderstanding",
        "content": "Quinn and Reese had been best friends until Quinn didn't invite Reese to a party. Reese felt betrayed and started avoiding Quinn. Quinn was confused and hurt by Reese's sudden coldness. The friendship might have ended if Quinn hadn't learned about seeking first to understand. Instead of making assumptions or defending their actions, Quinn approached Reese and said, 'I feel like something's wrong between us. I really want to understand your perspective.' Quinn listened carefully as Reese explained feeling excluded and replaceable. Only after truly understanding did Quinn explain that the party was a surprise birthday planning session FOR Reese. By listening first without interrupting or planning a response, Quinn was able to save the friendship and clear up the misunderstanding."
      },
      "6": {
        "title": "The Debate Team Challenge",
        "content": "The high school debate team had members from different backgrounds with very different perspectives. When preparing for a major competition, they kept clashing over their approach. Some wanted to focus on emotional appeals, others on statistics, and others on historical precedents. Their coach challenged them to synergize rather than compromise. Instead of each person pushing their own approach or settling for a watered-down version of each, they looked for how their differences could create something better. They realized that combining their diverse approaches made their arguments stronger - statistics provided evidence, historical examples added context, and emotional appeals made the information relatable. By valuing their differences rather than being frustrated by them, they created a powerful, multi-faceted approach that won them the championship."
      },
      "7": {
        "title": "Devon's Burnout and Recovery",
        "content": "Devon was a high-achieving student who took advanced classes, captained the soccer team, volunteered weekly, and never seemed to rest. Devon prided themselves on pushing through exhaustion, skipping meals to study, and sleeping only 5 hours a night. Eventually, Devon crashed - failing a test, snapping at friends, and even getting benched during a game due to poor performance. Devon's counselor introduced the concept of sharpening the saw. Together, they created a renewal plan that included physical health (regular meals, 8 hours of sleep, exercise), mental stimulation (focused study but also reading for pleasure), social connections (quality time with friends and family), and spiritual renewal (meditation and time in nature). Devon learned that taking time to renew wasn't selfish or lazy - it was necessary for sustainable high performance. Within a month of implementing this balanced approach, Devon's grades improved, athletic performance returned, and relationships strengthened."
      }
    }
  },
  "resources": {
    "1": [
      {
        "title": "Proactive Language Guide",
        "type": "Article",
        "url": "https://www.franklincovey.com/the-7-habits/habit-1/"
      },
      {
        "title": "Taking Initiative: The Power of Self-Direction",
        "type": "Video",
        "url": "https://www.youtube.com/watch?v=xvFZjo5PgG0"
      },
      {
        "title": "Circle of Influence Worksheet",
        "type": "Download",
        "url": "https://www.franklincovey.com/the-7-habits/habit-1/"
      }
    ],
    "2": [
      {
        "title": "Creating a Personal Mission Statement",
        "type": "Workshop",
        "url": "https://www.franklincovey.com/the-7-habits/habit-2/"
      },
      {
        "title": "Aligning Teams Around Shared Vision",
        "type": "Article",
        "url": "https://www.franklincovey.com/the-7-habits/habit-2/"
      },
      {
        "title": "Values Assessment Tool",
        "type": "Download",
        "url": "https://www.franklincovey.com/the-7-habits/habit-2/"
      }
    ],
    "3": [
      {
        "title": "Effective Weekly Planning Template",
        "type": "Download",
        "url": "https://www.franklincovey.com/the-7-habits/habit-3/"
      },
      {
        "title": "The Art of Saying No Constructively",
        "type": "Article",
        "url": "https://www.franklincovey.com/the-7-habits/habit-3/"
      },
      {
        "title": "Time Management for Success",
        "type": "Workshop",
        "url": "https://www.franklincovey.com/the-7-habits/habit-3/"
      }
    ],
    "4": [
      {
        "title": "Negotiating for Mutual Gain",
        "type": "Workshop",
        "url": "https://www.franklincovey.com/the-7-habits/habit-4/"
      },
      {
        "title": "Creating Win-Win Agreements",
        "type": "Article",
        "url": "https://www.franklincovey.com/the-7-habits/habit-4/"
      },
      {
        "title": "Conflict Resolution Through Win-Win Thinking",
        "type": "Video",
        "url": "https://www.franklincovey.com/the-7-habits/habit-4/"
      }
    ],
    "5": [
      {
        "title": "The Art of Empathic Listening",
        "type": "Workshop",
        "url": "https://www.franklincovey.com/the-7-habits/habit-5/"
      },
      {
        "title": "Communicating for Results: Beyond Words",
        "type": "Article",
        "url": "https://www.franklincovey.com/the-7-habits/habit-5/"
      },
      {
        "title": "Empathic Communication Assessment",
        "type": "Download",
        "url": "https://www.franklincovey.com/the-7-habits/habit-5/"
      }
    ],
    "6": [
      {
        "title": "Leading Diverse Teams for Innovation",
        "type": "Workshop",
        "url": "https://www.franklincovey.com/the-7-habits/habit-6/"
      },
      {
        "title": "The Power of Collaborative Intelligence",
        "type": "Article",
        "url": "https://www.franklincovey.com/the-7-habits/habit-6/"
      },
      {
        "title": "Synergistic Problem-Solving Framework",
        "type": "Download",
        "url": "https://www.franklincovey.com/the-7-habits/habit-6/"
      }
    ],
    "7": [
      {
        "title": "Work-Life Balance in a Digital Age",
        "type": "Workshop",
        "url": "https://www.franklincovey.com/the-7-habits/habit-7/"
      },
      {
        "title": "The Science of Resilience and Recovery",
        "type": "Article",
        "url": "https://www.franklincovey.com/the-7-habits/habit-7/"
      },
      {
        "title": "Personal Renewal Plan Template",
        "type": "Download",
        "url": "https://www.franklincovey.com/the-7-habits/habit-7/"
      }
    ]
  }
}

